{"total": [0.44009344838852255, 0.4363028680952389, 0.4334815860143375, 0.43395130061893394, 0.434468418085691, 0.4338403847933187, 0.4330956169667182, 0.4334155424826331, 0.43484588150770437, 0.4348817119936975], "recon": [0.25048502036048603, 0.2472224243860027, 0.2453866715224519, 0.24613620045992915, 0.24626027499123324, 0.2464295278080543, 0.24564820729018377, 0.24583393561604133, 0.24681885576487494, 0.2469812645503459], "kl": [0.18960842802803676, 0.18908044370923405, 0.18809491449189775, 0.1878151001590056, 0.1882081430944637, 0.18741085698526166, 0.18744740967653942, 0.18758160686659256, 0.1880270257428281, 0.1879004474433464]}