{"total": [0.5404088444698233, 0.3960071160210169, 0.3572528598862175, 0.33090565331854765, 0.30586021548487474, 0.2959694031695796, 0.2920223922874494, 0.28903001230569697, 0.2868855471166464, 0.28492658455363895], "recon": [0.3658605837567356, 0.20703051975400044, 0.18155429146439916, 0.1660099301515121, 0.15020216438457493, 0.14667335673351162, 0.14530245484789486, 0.1446226433538418, 0.14393537130135578, 0.14332382900118076], "kl": [0.17454826071309623, 0.1889765962670215, 0.1756985684218266, 0.16489572316703244, 0.15565805110030667, 0.14929604643607158, 0.1467199374395633, 0.1444073689518579, 0.14295017581529199, 0.14160275555246288]}