{"train": [1.009843831327058], "eval": [0.10267786306751615], "test": [0.0]}