{"train": [1503.0444198304956, 1502.0214336677031], "eval": [7095.269308567047, 6463.474912042971], "test": [0.0, 0.0]}