{"train": [6.528014254296195, 4.00233594801718, 3.939085294988556, 3.8653876351211043, 3.864018807941203, 3.8859915153924924, 3.835802647423834, 3.8635566267471955, 3.825899365386048, 3.8763767013390913, 3.8153088433854148, 3.8562050464018336, 3.8306671307896663, 3.8195723146762486, 3.81602993956152, 3.8274203519776178, 3.82424802330305, 3.8468147200230547, 3.824856647905314, 3.8426165440172517], "eval": [89.94509623068771, 1.5755241964046922, 0.10535378205831883, 0.004600995641436436, 0.00020979400828887565, 6.863722162971126e-06, 8.594293512279411e-08, 3.2809727635821176e-09, 0.0, 8.447139408221591e-11, 0.0, 0.0, 0.0, 0.0, 0.0, 0.0, 0.0, 0.0, 0.0, 0.0], "test": [1085.7093505859375, 579.6673583984375, 81.96416473388672, 7.716909408569336, 0.48205268383026123, 0.014592211693525314, 0.00017223545000888407, 7.281425041583134e-06, 0.0, 8.164456488657379e-08, 0.0, 0.0, 0.0, 0.0, 0.0, 0.0, 0.0, 0.0, 0.0, 0.0]}