{"train": [46801.230558482086, 46775.846908569336, 46775.846908569336, 46775.846908569336, 46775.846908569336, 46775.846908569336, 46775.846908569336, 46775.846908569336, 46775.846908569336], "eval": [46775.846908569336, 46775.846908569336, 46775.846908569336, 46775.846908569336, 46775.846908569336, 46775.846908569336, 46775.846908569336, 46775.846908569336, 46775.846908569336], "test": [49836.5625, 49836.5625, 49836.5625, 49836.5625, 49836.5625, 49836.5625, 49836.5625, 49836.5625, 49836.5625]}