{"train": [278.5108411804984, 61.95672571438972, 17.615640007462922, 5.0578785499536005, 3.7486955883654676, 3.0627337965943937, 2.7662993025590676, 2.502030015885734, 2.3381598659696863, 2.1471454344214416, 2.0273731292176436, 1.8683124212650244, 1.6559500308575128, 1.5642450667521879, 1.4497509925353893, 1.3848077797675977, 1.2376152132456615, 1.1662797408662553, 1.115144858807364, 1.0587518303588868, 1.0461499382139046, 1.0056531411237795, 0.9880772571404428, 0.9738520185294378, 0.9470660831841734, 0.9000817622338568, 0.8968535402443539, 0.8705579998117708, 0.8514280884762284, 0.8408682636322794, 0.8192407261855335, 0.8097270359205868, 0.7506632076630771, 0.7584649735435725, 0.7117250154032314, 0.7007881646816667, 0.7172315286530242, 0.6611621042680311, 0.6509637433274472, 0.6372388785487934], "eval": [132.18443247219935, 46.06437982467819, 11.870728949338188, 7.507066115324148, 5.528354897058021, 4.92756791562422, 5.783405494938456, 5.383379182228829, 4.377515735386287, 4.036769094640645, 3.6674468933419355, 3.50439751491703, 3.397536447399842, 3.025265737366647, 3.062420841718685, 2.8760563531513643, 2.7415351402402544, 2.601022382854555, 2.57838485142754, 2.323098498443101, 2.3378930234457753, 2.207439516644256, 2.1685816715091817, 2.1413089588681267, 2.1913046095829083, 2.098922854538395, 2.2291511242374495, 2.2082095153567667, 2.1816547496764542, 1.9723117116097995, 2.022329301257872, 2.0540679384784095, 1.9624975713125221, 1.899362967246378, 2.010414125775545, 2.0530930143216177, 1.998252714574779, 1.7617696663215208, 1.9117274314963584, 1.7012194557910671], "test": [20.51828384399414, 12.915661811828613, 11.696399688720703, 6.762113571166992, 3.254544258117676, 3.056666135787964, 3.8541150093078613, 3.376203775405884, 3.3109383583068848, 2.8602097034454346, 2.791482448577881, 2.5986690521240234, 2.649061918258667, 2.377823829650879, 2.1204795837402344, 1.9605755805969238, 1.7800713777542114, 1.5392483472824097, 1.5924603939056396, 1.504296064376831, 1.3394023180007935, 1.2836710214614868, 1.3018763065338135, 1.2531284093856812, 1.1789534091949463, 1.1276057958602905, 1.0734025239944458, 1.0139402151107788, 1.067449927330017, 1.0313787460327148, 0.9016375541687012, 0.9055575728416443, 0.9278014302253723, 0.8752611875534058, 0.8593498468399048, 0.87604159116745, 0.800193190574646, 0.7806970477104187, 0.8039718270301819, 0.7435683012008667]}