{"train": [3.8501503300905227, 3.2473851882576943, 3.1377089363873005, 3.1111857453346254, 3.035171019625664, 3.0193264892160894, 3.029611147019267, 3.0040513485193254, 3.015784335240722, 2.9916237190365793, 2.9697781563699244], "eval": [1.3945365995157857, 0.8615911589176366, 0.8463017292035354, 0.6075534165161139, 0.5899181798066898, 0.6389208334664012, 0.689607081280535, 0.6624480398192171, 0.5703495973716408, 0.5032556493484278, 0.585235774034036], "test": [1.6962791681289673, 0.9806579947471619, 0.9507750272750854, 0.7140926122665405, 0.6928249001502991, 0.6984415054321289, 0.79402756690979, 0.8110281229019165, 0.6888259053230286, 0.4636673033237457, 0.6556648015975952]}