{"train": [1.6175654839981548, 1.2366875847587195, 1.007592004811977, 0.7939560048263091, 0.5754088811538256, 0.36532697633690087, 0.19347579479265167, 0.09132922891779896, 0.04814212632072551, 0.028610356864245498, 0.018468580025312542, 0.01287468613239715, 0.009779349268090142, 0.007884889314084521, 0.006620522091865463, 0.005689684854513106, 0.0049762251890202525, 0.004412932736028576, 0.003952386666802675, 0.003566870329659813], "test": [1.416527918189954, 1.3249345326879223, 1.3434491597922744, 1.3277836836827028, 1.3686996387068633, 1.4834812928916543, 1.6231106690540436, 1.7332454247839133, 1.8217827472717139, 1.8897046496154397, 1.9435534169719477, 1.9780312214687372, 2.020364794761512, 2.0530400507769007, 2.0841178476430806, 2.1100297023536294, 2.1342342040341373, 2.156754621274912, 2.176741684318348, 2.1945126386964398]}