{"train": [1.9198826206919481, 1.5746669949168135, 1.4175077147800903, 1.3003531568647955, 1.196048473458156, 1.09725504061755, 1.0008763839750339, 0.9045308121025105, 0.8052763796370962, 0.7039168917042825, 0.6020920821429824, 0.5012333019805686, 0.40557399862791266, 0.3180377606321555, 0.24110997683080412, 0.17934989819155478, 0.13257466102986004, 0.09928266951800002, 0.07626929116028044, 0.060500898080475415], "test": [1.6732961144416956, 1.5358658019144824, 1.473598444537752, 1.4150713909963133, 1.3751296807246602, 1.3764156448613307, 1.3580575456285173, 1.3550182486036022, 1.374782531124771, 1.3961714392255067, 1.4274254562748465, 1.4806729240022647, 1.5478616261937816, 1.6038889125653892, 1.6945361187503596, 1.7815687770296813, 1.8533900072620173, 1.9237259277112924, 1.99434280661261, 2.046395037584244]}